epoch,train_accuracy,train_f1,train_loss
1.0,0.7396963123644251,0.7184094147353723,0.5539047718048096
2.0,0.8156182212581344,0.8155505477132329,0.3993633985519409
3.0,0.913232104121475,0.9132974364728631,0.23634564876556396
4.0,0.9848156182212582,0.9848004883789585,0.05276407301425934
5.0,0.9956616052060737,0.9956600014392779,0.023686785250902176
6.0,0.9978308026030369,0.9978304120844058,0.01791129820048809
