epoch_full,train/loss,train/accuracy,train/f1,eval/loss,eval/accuracy,eval/f1
1.0,0.6678,0.8125,0.7997081443502267,0.5884868502616882,0.6881720430107527,0.6617333500564404
2.0,0.4137,0.9456521739130435,0.9447895100069013,0.610295832157135,0.7526881720430108,0.7451447634933874
3.0,0.1836,0.9864130434782609,0.9862742904031927,0.7244130373001099,0.7741935483870968,0.7725101921956902
4.0,0.0697,0.9891304347826086,0.9890368516697947,0.7931243181228638,0.7849462365591398,0.7843228200371057
