epoch,train_accuracy,train_f1,train_loss
1.0,0.7396963123644251,0.7152670331639716,0.5325813293457031
2.0,0.8763557483731019,0.876396474986097,0.376840740442276
3.0,0.9414316702819957,0.9415107400844426,0.23097489774227142
4.0,0.96529284164859,0.9653145098204011,0.1368737816810608
5.0,0.9869848156182213,0.9869800043178337,0.07442234456539154
6.0,0.9913232104121475,0.9913232104121475,0.05138520523905754
7.0,0.9913232104121475,0.9913232104121475,0.04156575724482536
