epoch,train_accuracy,train_f1,train_loss
1.0,0.7830802603036876,0.7694072992337634,0.4552530348300934
2.0,0.9587852494577006,0.9586817307685064,0.1456192582845688
3.0,0.9783080260303688,0.978335679732925,0.06635746359825134
4.0,0.9978308026030369,0.9978304120844058,0.008788831532001495
5.0,0.9978308026030369,0.9978304120844058,0.004873707890510559
6.0,0.9978308026030369,0.9978304120844058,0.0029593517538160086
