epoch,train_loss,train_accuracy,train_f1,val_loss,val_accuracy,val_f1
1.0,0.079054094851017,0.9739696312364425,0.9739600086356673,0.1782197505235672,0.946236559139785,0.9461991063770819
2.0,0.0299072228372097,0.9891540130151844,0.9891558615441532,0.10552868992090225,0.967741935483871,0.9677568818823493
3.0,0.01376249361783266,0.9956616052060737,0.9956616052060737,0.06526384502649307,0.978494623655914,0.978494623655914
4.0,0.009156000800430775,0.9956616052060737,0.9956616052060737,0.04435563459992409,0.978494623655914,0.978494623655914
