epoch,train_accuracy,train_f1,train_loss
1.0,0.7331887201735358,0.7139677501449471,0.558217465877533
2.0,0.8112798264642083,0.8103993570334415,0.43169862031936646
3.0,0.8134490238611713,0.8101787807118845,0.39152488112449646
4.0,0.9869848156182213,0.9869746918739668,0.05604209005832672
5.0,0.9934924078091106,0.9934912362532176,0.02335418574512005
6.0,0.9978308026030369,0.9978304120844058,0.01221785694360733
7.0,0.9978308026030369,0.9978304120844058,0.010333668440580368
