epoch,train_accuracy,train_f1,train_loss
1.0,0.702819956616052,0.6735038563669377,0.5888221859931946
2.0,0.8568329718004338,0.856974473155539,0.43996715545654297
3.0,0.8828633405639913,0.8829791143999864,0.3189225196838379
4.0,0.9457700650759219,0.945796235224065,0.1957312375307083
5.0,0.9718004338394793,0.9717953570972758,0.12000541388988495
6.0,0.9869848156182213,0.9869891274031426,0.0814909115433693
7.0,0.9913232104121475,0.9913232104121475,0.056442707777023315
8.0,0.9891540130151844,0.9891558615441532,0.05393601953983307
