epoch,train_accuracy,train_f1,train_loss
1.0,0.89587852494577,0.8957004515808628,0.3550918400287628
2.0,0.93058568329718,0.9306968864507051,0.18518289923667908
3.0,0.9739696312364425,0.9739782548062851,0.0595938116312027
4.0,0.9869848156182213,0.9869800043178337,0.03328820317983627
