epoch,train_loss,train_accuracy,train_f1,val_loss,val_accuracy,val_f1
1.0,0.0812123641371727,0.9696312364425163,0.9696412972739993,0.2026527374982834,0.9139784946236559,0.9140382317801673
2.0,0.024696068838238716,0.9891540130151844,0.9891592470448131,0.07417166978120804,0.967741935483871,0.9677643239612679
3.0,0.010912123136222363,0.9934924078091106,0.9934955482268877,0.03496646508574486,0.978494623655914,0.9785095579450418
4.0,0.021758604794740677,0.9956616052060737,0.9956630424677142,0.009537280537188053,0.989247311827957,0.9892522939607831
5.0,0.018676389008760452,0.9956616052060737,0.9956630424677142,0.009306431747972965,0.989247311827957,0.9892522939607831
6.0,0.014131342992186546,0.9956616052060737,0.9956630424677142,0.012488845735788345,0.989247311827957,0.9892522939607831
