epoch_full,train/loss,train/accuracy,train/f1,eval/loss,eval/accuracy,eval/f1
1.0,0.6564,0.8668478260869565,0.8619961274423518,0.5782666206359863,0.6774193548387096,0.6522931206380858
2.0,0.4339,0.9646739130434783,0.9642726451237089,0.5616202354431152,0.7204301075268817,0.7107655502392345
3.0,0.2104,0.9755434782608695,0.9754475703324809,0.6506385207176208,0.7526881720430108,0.7522298158230047
4.0,0.0427,1.0,1.0,0.8208690285682678,0.7956989247311828,0.7953202826363952
5.0,0.009,1.0,1.0,0.9093832969665527,0.8064516129032258,0.8058905380333952
6.0,0.005,1.0,1.0,0.9308390617370605,0.7956989247311828,0.7953202826363952
